{"initial_reset_timestamp": 8080.054286082, "timestamps": [8080.056272772, 8080.190336889, 8080.331028272, 8080.469988765, 8080.618501508, 8080.766303556, 8080.90685074, 8081.0520387, 8081.192290286, 8081.344207312, 8081.488331978, 8081.636850122, 8081.790091541, 8081.936244097, 8082.086609731, 8082.226819417, 8082.369702989, 8082.513679856, 8082.656575228, 8082.804132777, 8082.949211738, 8083.093559703, 8083.236061377, 8083.393870974, 8083.559291031, 8083.716212732, 8083.866347467, 8084.015203709, 8084.166521639, 8084.31933016, 8084.478834948, 8084.63352426, 8084.782194503, 8084.933644332, 8085.090368134, 8085.243038056, 8085.394166786, 8085.556213861, 8085.713993458, 8085.866219482, 8086.023988579, 8086.183743265, 8086.339548372, 8086.516956369, 8086.681438131, 8086.839240427, 8087.001812199, 8087.161736985, 8087.324290457, 8087.49646448, 8087.663693229, 8087.820634329, 8087.978391526, 8088.141264597, 8088.308007048, 8088.475847893, 8088.633317991, 8088.796605259, 8088.957169142], "episode_lengths": [60, 60, 60, 60, 60, 60, 60, 60, 60, 60, 60, 60, 60, 60, 60, 60, 60, 60, 60, 60, 60, 60, 60, 60, 60, 60, 60, 60, 60, 60, 60, 60, 60, 60, 60, 60, 60, 60, 60, 60, 60, 60, 60, 60, 60, 60, 60, 60, 60, 60, 60, 60, 60, 60, 60, 60, 60, 60, 60], "episode_rewards": [-28.0, -60.0, -30.0, -8.0, 6.0, 0.0, -14.0, -60.0, -4.0, -24.0, -20.0, -60.0, -60.0, -58.0, -10.0, -60.0, -10.0, -14.0, -56.0, 24.0, -4.0, -34.0, -26.0, -34.0, 12.0, -42.0, 32.0, -60.0, -24.0, -10.0, -52.0, -60.0, 4.0, -50.0, -60.0, 0.0, -4.0, 60.0, -60.0, -60.0, -24.0, -42.0, 48.0, 28.0, -60.0, -60.0, 12.0, 60.0, 60.0, -60.0, 60.0, 60.0, -60.0, 60.0, 60.0, -60.0, -60.0, 60.0, 60.0], "episode_types": ["t", "t", "t", "t", "t", "t", "t", "t", "t", "t", "t", "t", "t", "t", "t", "t", "t", "t", "t", "t", "t", "t", "t", "t", "t", "t", "t", "t", "t", "t", "t", "t", "t", "t", "t", "t", "t", "t", "t", "t", "t", "t", "t", "t", "t", "t", "t", "t", "t", "t", "t", "t", "t", "t", "t", "t", "t", "t", "t", "t"]}